q_diag,r_diag,horizon,tolerance,dt_
0.5,0.5,100,0.2,0.2
X_Goal,Y_Goal,X_Pos,Y_Pos,Theta_Goal,Theta
1,1,6.17532e-05,2.64791e-07,0.785398,4.87273e-06
1,1,0.0035272,2.52729e-07,0.785398,5.15031e-06
1,1,0.0116172,2.87486e-07,0.785398,5.03399e-06
1,1,0.0416736,1.53481e-07,0.785398,5.49433e-06
1,1,0.0902246,3.91188e-07,0.785398,6.11851e-06
1,1,0.17651,1.80157e-05,0.785398,0.00267046
1,1,0.236085,0.00120967,0.785398,0.0456541
1,1,0.299706,0.00665711,0.785398,0.130671
1,1,0.368128,0.0196057,0.785398,0.247215
1,1,0.440402,0.0433431,0.785398,0.390793
1,1,0.53489,0.0946194,0.785398,0.603684
1,1,0.618439,0.163608,0.785398,0.761208
1,1,0.673302,0.219836,0.785398,0.829789
1,1,0.736359,0.293013,0.785398,0.885273
1,1,0.802164,0.377041,0.785398,0.924877
1,1,0.846876,0.437753,0.785398,0.945862
1,1,0.876392,0.479172,0.785398,0.957324
1,1,0.903183,0.517604,0.785398,0.966705
1,1,0.934079,0.562868,0.785398,0.977113
1,1,0.961176,0.603409,0.785398,0.986123
1,1,0.984592,0.639097,0.785398,0.994356
1,1,1.00017,0.663207,0.785398,1.00014
1,1,1.02326,0.699548,0.785398,1.00969
1,1,1.04145,0.728721,0.785398,1.01724
1,1,1.05493,0.750689,0.785398,1.02429
1,1,1.06383,0.765411,0.785398,1.02952
1,1,1.07179,0.778732,0.785398,1.03456
1,1,1.08125,0.794761,0.785398,1.04112
1,1,1.09157,0.812539,0.785398,1.04921
1,1,1.10021,0.827712,0.785398,1.05685
1,1,1.10477,0.835817,0.785398,1.06128
1,1,1.11148,0.847937,0.785398,1.06841
1,1,1.1139,0.85236,0.785398,1.0712
1,1,1.11827,0.860412,0.785398,1.0765
1,1,1.12215,0.86765,0.785398,1.0814
1,1,1.1263,0.875496,0.785398,1.08673
1,1,1.12851,0.879696,0.785398,1.08945
1,1,1.13114,0.884766,0.785398,1.09234
1,1,1.1335,0.889312,0.785398,1.09432
1,1,1.13556,0.893312,0.785398,1.09502
1,1,1.13697,0.896058,0.785398,1.09468
1,1,1.13866,0.899329,0.785398,1.09283
1,1,1.14045,0.902755,0.785398,1.0876
1,1,1.14164,0.905012,0.785398,1.08102
1,1,1.14264,0.906866,0.785398,1.07152
1,1,1.14343,0.908312,0.785398,1.05888
1,1,1.14404,0.909371,0.785398,1.04244
1,1,1.14438,0.909952,0.785398,1.02157
1,1,1.14448,0.910123,0.785398,1.00313
1,1,1.14434,0.909916,0.785398,0.974413
1,1,1.14387,0.909252,0.785398,0.941173
1,1,1.14301,0.908137,0.785398,0.904229
2,2,1.14174,0.906598,0.785398,0.865073
2,2,1.16384,0.932681,0.785398,0.871572
2,2,1.19765,0.973169,0.785398,0.878225
2,2,1.23056,1.01304,0.785398,0.883345
2,2,1.28433,1.07901,0.785398,0.890188
2,2,1.33187,1.13802,0.785398,0.894022
2,2,1.40065,1.22191,0.785398,0.873131
2,2,1.47118,1.30479,0.785398,0.859759
2,2,1.5405,1.38419,0.785398,0.847909
2,2,1.57221,1.42009,0.785398,0.847223
2,2,1.63026,1.48579,0.785398,0.847199
2,2,1.68093,1.54317,0.785398,0.847983
2,2,1.73619,1.60592,0.785398,0.849669
2,2,1.77407,1.64909,0.785398,0.851384
2,2,1.807,1.68675,0.785398,0.853258
2,2,1.83611,1.72017,0.785398,0.855273
2,2,1.85562,1.74264,0.785398,0.856767
2,2,1.87931,1.77004,0.785398,0.858883
2,2,1.89935,1.79331,0.785398,0.860955
2,2,1.91754,1.81452,0.785398,0.863089
2,2,1.93284,1.83245,0.785398,0.865261
3,3,1.95058,1.85332,-2.97644,0.867417
3,3,1.97238,1.87906,-2.97644,0.869031
3,3,2.00084,1.91279,-2.97644,0.870644
3,3,2.03594,1.95452,-2.97644,0.872257
3,3,2.09041,2.01772,-2.97644,0.836292
3,3,2.15563,2.08368,-2.97644,0.736064
3,3,2.23636,2.14612,-2.97644,0.57162
3,3,2.3592,2.20405,-2.97644,0.307594
3,3,2.43792,2.22238,-2.97644,0.148
3,3,2.55176,2.22475,-2.97644,-0.118002
3,3,2.60532,2.21417,-2.97644,-0.277595
3,3,2.6579,2.1933,-2.97644,-0.49038
3,3,2.68961,2.17216,-2.97644,-0.703189
3,3,2.70139,2.16064,-2.97644,-0.862758
3,3,2.70509,2.1558,-2.97644,-1.02233
3,3,2.70327,2.15971,-2.97644,-1.18191
3,3,2.69749,2.18082,-2.97644,-1.39468
3,3,2.69502,2.2211,-2.97644,-1.60744
3,3,2.6975,2.24812,-2.97644,-1.71382
3,3,2.71461,2.31398,-2.97644,-1.92657
3,3,2.74136,2.37113,-2.97644,-2.08614
3,3,2.77608,2.42274,-2.97644,-2.23652
3,3,2.81382,2.46525,-2.97644,-2.35241
3,3,2.86325,2.50965,-2.97644,-2.46023
3,3,2.89656,2.53519,-2.97644,-2.51164
3,3,2.92542,2.55557,-2.97644,-2.53763
3,3,2.94991,2.57237,-2.97644,-2.54052
3,3,2.97865,2.59215,-2.97644,-2.53737
3,3,3.00389,2.60967,-2.97644,-2.53154
3,3,3.02075,2.62151,-2.97644,-2.52656
3,3,3.04129,2.63615,-2.97644,-2.5186
3,3,3.05916,2.6491,-2.97644,-2.50972
3,3,3.07114,2.65794,-2.97644,-2.50256
3,3,3.08211,2.66615,-2.97644,-2.49552
3,3,3.08885,2.67126,-2.97644,-2.49079
3,3,3.10132,2.68085,-2.97644,-2.48147
3,3,3.10975,2.68743,-2.97644,-2.47464
3,3,3.12002,2.6956,-2.97644,-2.46561
3,3,3.13139,2.70482,-2.97644,-2.4547
3,3,3.13749,2.70986,-2.97644,-2.44839
3,3,3.14319,2.71462,-2.97644,-2.44228
3,3,3.15016,2.72053,-2.97644,-2.43453
3,3,3.15489,2.72459,-2.97644,-2.42908
3,3,3.15931,2.72843,-2.97644,-2.42397
3,3,3.16341,2.73203,-2.97644,-2.41931
3,3,3.16596,2.73428,-2.97644,-2.4165
3,3,3.17188,2.73957,-2.97644,-2.41037
3,3,3.17402,2.74149,-2.97644,-2.40847
3,3,3.17799,2.74507,-2.97644,-2.40567
3,3,3.18069,2.74753,-2.97644,-2.40463
3,3,3.18317,2.74977,-2.97644,-2.40473
3,3,3.18541,2.75181,-2.97644,-2.4064
3,3,3.188,2.75413,-2.97644,-2.41217
3,3,3.18965,2.7556,-2.97644,-2.41893
3,3,3.19102,2.75679,-2.97644,-2.42959
3,3,3.19232,2.75789,-2.97644,-2.45337
3,3,3.19678,2.76133,-2.97644,-2.48413
3,3,3.2042,2.76707,-2.97644,-2.48649
3,3,3.20751,2.76953,-2.97644,-2.52643
3,3,3.20691,2.76916,-2.97644,-2.60518
3,3,3.20207,2.76661,-2.97644,-2.7034
3,3,3.19501,2.7637,-2.97644,-2.79314
3,3,3.18602,2.76085,-2.97644,-2.87284
3,3,3.172,2.75769,-2.97644,-2.96391
3,3,3.16037,2.75594,-2.97644,-3.01931
3,3,3.14439,2.75448,-2.97644,-3.08136
3,3,3.13239,2.754,-2.97644,-3.12024
3,3,3.1206,2.75394,-2.97644,3.12953
3,3,3.10915,2.75461,-2.97644,3.02098
3,3,3.09654,2.75717,-2.97644,2.86236
3,3,3.08248,2.76244,-2.97644,2.70279
3,3,3.06385,2.77375,-2.97644,2.49006
3,3,3.05073,2.7855,-2.97644,2.33051
3,3,3.03625,2.80435,-2.97644,2.11778
3,3,3.02835,2.81996,-2.97644,1.95824
3,3,3.02324,2.83592,-2.97644,1.79869
3,3,3.02089,2.8514,-2.97644,1.63915
3,3,3.02148,2.86945,-2.97644,1.42646
3,3,3.02524,2.88447,-2.97644,1.21374
3,3,3.0296,2.89395,-2.97644,1.0542
3,3,3.03402,2.90051,-2.97644,0.894666
3,3,3.03883,2.90547,-2.97644,0.681955
3,3,3.04129,2.90722,-2.97644,0.522431
3,3,3.04419,2.90862,-2.97644,0.309718
3,3,3.04397,2.90859,-2.97644,0.203353
3,3,3.04001,2.90842,-2.97644,-0.0625064
3,3,3.03627,2.909,-2.97644,-0.222019
3,3,3.03177,2.91043,-2.97644,-0.381526
3,3,3.02694,2.91287,-2.97644,-0.541032
3,3,3.02215,2.91633,-2.97644,-0.700541
3,3,3.01775,2.92072,-2.97644,-0.860045
3,3,3.01406,2.92582,-2.97644,-1.01955
3,3,3.01126,2.93135,-2.97644,-1.17905
3,3,3.00942,2.93711,-2.97644,-1.33855
3,3,3.0086,2.94259,-2.97644,-1.49804
3,3,3.00879,2.94754,-2.97644,-1.69862
3,3,3.00967,2.95196,-2.97644,-1.8276
3,3,3.01136,2.95681,-2.97644,-1.97666
3,3,3.01274,2.95962,-2.97644,-2.07121
3,3,3.01413,2.9619,-2.97644,-2.15682
3,3,3.01538,2.96362,-2.97644,-2.23125
3,3,3.01677,2.96524,-2.97644,-2.31771
3,3,3.0179,2.96636,-2.97644,-2.39479
3,3,3.01867,2.96702,-2.97644,-2.46186
3,3,3.01906,2.96731,-2.97644,-2.50746
3,3,3.01932,2.96749,-2.97644,-2.5497
3,3,3.01945,2.96756,-2.97644,-2.60075
3,3,3.0194,2.96753,-2.97644,-2.63511
3,3,3.0192,2.96741,-2.97644,-2.67734
3,3,3.01895,2.96729,-2.97644,-2.70582
3,3,3.01863,2.96714,-2.97644,-2.73197
3,3,3.01825,2.96698,-2.97644,-2.7559
3,3,3.01783,2.96681,-2.97644,-2.77748
0,2.5,3.01738,2.96664,2.1588,-2.79741
0,2.5,3.0157,2.9661,2.1588,-2.85308
0,2.5,3.00472,2.96337,2.1588,-2.93473
0,2.5,2.98329,2.95985,2.1588,-3.01759
0,2.5,2.96312,2.9579,2.1588,-3.07268
0,2.5,2.90875,2.95729,2.1588,3.1003
0,2.5,2.8747,2.95965,2.1588,3.04519
0,2.5,2.79356,2.97218,2.1588,2.93498
0,2.5,2.72591,2.98869,2.1588,2.88008
0,2.5,2.63209,3.01401,2.1588,2.88831
0,2.5,2.55494,3.03229,2.1588,2.93364
0,2.5,2.47485,3.04758,2.1588,2.9669
0,2.5,2.39442,3.06121,2.1588,2.9784
0,2.5,2.31388,3.07428,2.1588,2.98231
0,2.5,2.20644,3.09143,2.1588,2.98392
0,2.5,2.12585,3.10423,2.1588,2.98429
0,2.5,2.04526,3.11701,2.1588,2.98444
0,2.5,1.9378,3.13403,2.1588,2.98451
0,2.5,1.80348,3.15531,2.1588,2.98454
0,2.5,1.69601,3.17232,2.1588,2.98454
0,2.5,1.61542,3.18509,2.1588,2.98455
0,2.5,1.50796,3.2021,2.1588,2.98455
0,2.5,1.4005,3.21912,2.1588,2.98455
0,2.5,1.26617,3.24039,2.1588,2.98455
0,2.5,1.15871,3.25741,2.1588,2.98455
0,2.5,1.07811,3.27017,2.1588,2.98455
0,2.5,0.997519,3.28293,2.1588,2.98455
0,2.5,0.869623,3.30227,2.1588,2.99735
0,2.5,0.757481,3.31806,2.1588,3.00953
0,2.5,0.678855,3.32778,2.1588,3.02858
0,2.5,0.591605,3.33659,2.1588,3.05445
0,2.5,0.528935,3.34141,2.1588,3.07611
0,2.5,0.470058,3.34463,2.1588,3.09739
0,2.5,0.429911,3.34605,2.1588,3.11509
0,2.5,0.379523,3.34685,2.1588,3.1366
0,2.5,0.33173,3.34638,2.1588,-3.10198
0,2.5,0.283359,3.34102,2.1588,-2.93779
0,2.5,0.229935,3.32369,2.1588,-2.72504
0,2.5,0.172109,3.29025,2.1588,-2.51235
0,2.5,0.143695,3.26717,2.1588,-2.40602
0,2.5,0.104657,3.22573,2.1588,-2.24655
0,2.5,0.082219,3.1945,2.1588,-2.14023
0,2.5,0.0478122,3.12571,2.1588,-1.9276
0,2.5,0.0328458,3.07316,2.1588,-1.76812
0,2.5,0.0266137,3.02116,2.1588,-1.60864
0,2.5,0.0307176,2.95873,2.1588,-1.396
0,2.5,0.0369848,2.93157,2.1588,-1.28969
0,2.5,0.0557602,2.88506,2.1588,-1.07707
0,2.5,0.0767311,2.8539,2.1588,-0.864449
0,2.5,0.0959149,2.83554,2.1588,-0.651824
0,2.5,0.105714,2.82909,2.1588,-0.492357
0,2.5,0.111995,2.82621,2.1588,-0.332892
0,2.5,0.109396,2.82636,2.1588,-0.0671374
0,2.5,0.0978799,2.82574,2.1588,0.145464
0,2.5,0.0745628,2.81884,2.1588,0.411209
0,2.5,0.0539193,2.80701,2.1588,0.623798
0,2.5,0.0330829,2.78828,2.1588,0.836375
0,2.5,0.0158984,2.76454,2.1588,1.04894
0,2.5,0.00421762,2.73816,2.1588,1.25886
0,2.5,-0.00280566,2.70406,2.1588,1.4675
0,2.5,-0.00358241,2.67337,2.1588,1.61632
0,2.5,-0.00164972,2.65214,2.1588,1.70337
0,2.5,0.00140274,2.634,2.1588,1.76942
0,2.5,0.00522058,2.61754,2.1588,1.82729
0,2.5,0.00895879,2.60438,2.1588,1.86697
0,2.5,0.0125946,2.59314,2.1588,1.89878
0,2.5,0.0168318,2.58132,2.1588,1.93009
0,2.5,0.0207249,2.57135,2.1588,1.95506
0,2.5,0.0227858,2.56634,2.1588,1.96695
-1,4,0.0246857,2.56187,-2.35619,1.97735
-1,4,0.0268765,2.55692,-2.35619,2.01297
-1,4,0.0219123,2.56671,-2.35619,2.05683
-1,4,0.00229876,2.60126,-2.35619,2.11143
-1,4,-0.025793,2.64572,-2.35619,2.15509
-1,4,-0.0769738,2.71906,-2.35619,2.19358
-1,4,-0.124668,2.78715,-2.35619,2.15967
-1,4,-0.160928,2.84525,-2.35619,2.09212
-1,4,-0.204435,2.93468,-2.35619,1.94595
-1,4,-0.237742,3.0653,-2.35619,1.68938
-1,4,-0.239118,3.17429,-2.35619,1.47679
-1,4,-0.219146,3.2744,-2.35619,1.26424
-1,4,-0.176557,3.36656,-2.35619,0.998585
-1,4,-0.148055,3.40415,-2.35619,0.83919
-1,4,-0.113579,3.43564,-2.35619,0.626652
-1,4,-0.0892572,3.44997,-2.35619,0.414153
-1,4,-0.0804887,3.45318,-2.35619,0.148511
-1,4,-0.0938014,3.45295,-2.35619,-0.0639949
-1,4,-0.125056,3.45867,-2.35619,-0.276501
-1,4,-0.171529,3.47773,-2.35619,-0.489003
-1,4,-0.213439,3.50469,-2.35619,-0.648382
-1,4,-0.273344,3.56147,-2.35619,-0.860876
-1,4,-0.326835,3.63887,-2.35619,-1.07337
-1,4,-0.361655,3.72834,-2.35619,-1.32838
-1,4,-0.372765,3.80381,-2.35619,-1.52184
-1,4,-0.371538,3.85892,-2.35619,-1.66257
-1,4,-0.367774,3.888,-2.35619,-1.73395
-1,4,-0.365588,3.90002,-2.35619,-1.77139
-1,4,-0.364076,3.90628,-2.35619,-1.86551
-1,4,-0.3671,3.89976,-2.35619,-2.05906
-1,4,-0.384662,3.87498,-2.35619,-2.29142
-1,4,-0.412351,3.84841,-2.35619,-2.4472
-1,4,-0.456944,3.81626,-2.35619,-2.57644
-1,4,-0.485621,3.79926,-2.35619,-2.63373
-1,4,-0.523827,3.77936,-2.35619,-2.68712
-1,4,-0.570732,3.75804,-2.35619,-2.7455
-1,4,-0.613598,3.74096,-2.35619,-2.7796
-1,4,-0.644623,3.7296,-2.35619,-2.80105
-1,4,-0.686979,3.71525,-2.35619,-2.82865
-1,4,-0.711382,3.70756,-2.35619,-2.84414
-1,4,-0.728222,3.7025,-2.35619,-2.85512
-1,4,-0.75376,3.6952,-2.35619,-2.87197
-1,4,-0.776668,3.68906,-2.35619,-2.88799
-1,4,-0.796934,3.68397,-2.35619,-2.90288
-1,4,-0.814985,3.67971,-2.35619,-2.91692
-1,4,-0.828105,3.67678,-2.35619,-2.92763
-1,4,-0.840023,3.67425,-2.35619,-2.93791
-1,4,-0.850936,3.67205,-2.35619,-2.94757
-1,4,-0.863345,3.66969,-2.35619,-2.95901
-1,4,-0.872376,3.66806,-2.35619,-2.96748
-1,4,-0.880576,3.66665,-2.35619,-2.97523
-1,4,-0.889934,3.66512,-2.35619,-2.98398
-1,4,-0.898337,3.66381,-2.35619,-2.9914
-1,4,-0.902964,3.66312,-2.35619,-2.99511
-1,4,-0.909968,3.6621,-2.35619,-2.99969
-1,4,-0.916201,3.66122,-2.35619,-3.00191
-1,4,-0.921516,3.66047,-2.35619,-3.00051
-1,4,-0.925078,3.65996,-2.35619,-2.99566
-1,4,-0.928655,3.65941,-2.35619,-2.98163
-1,4,-0.936869,3.65797,-2.35619,-2.96648
-1,4,-0.952894,3.65518,-2.35619,-2.97079
-1,4,-0.95954,3.65391,-2.35619,-2.88835
-1,4,-0.955095,3.65553,-2.35619,-2.74903
-1,4,-0.938492,3.66481,-2.35619,-2.53961
-1,4,-0.924755,3.6755,-2.35619,-2.42905
-1,4,-0.910911,3.68864,-2.35619,-2.33745
-1,4,-0.897573,3.7036,-2.35619,-2.26539
-1,4,-0.882337,3.72326,-2.35619,-2.19804
-1,4,-0.868909,3.74292,-2.35619,-2.14485
-1,4,-0.857331,3.76168,-2.35619,-2.10472
-1,4,-0.847366,3.77918,-2.35619,-2.07306
-1,4,-0.840409,3.79218,-2.35619,-2.05207
-1,4,-0.835745,3.80126,-2.35619,-2.03858
-1,4,-0.82757,3.81794,-2.35619,-2.01535
-1,4,-0.822879,3.82796,-2.35619,-2.00217
-1,4,-0.816848,3.84137,-2.35619,-1.98533
-1,4,-0.81334,3.84945,-2.35619,-1.97548
-1,4,-0.811734,3.85322,-2.35619,-1.97097
-1,4,-0.808151,3.86182,-2.35619,-1.96115
-1,4,-0.805602,3.86807,-2.35619,-1.95438
-1,4,-0.802822,3.87503,-2.35619,-1.94769
-1,4,-0.800402,3.88119,-2.35619,-1.94304
-1,4,-0.798713,3.88553,-2.35619,-1.94109
-1,4,-0.796863,3.8903,-2.35619,-1.94129
-1,4,-0.795593,3.89356,-2.35619,-1.94422
-1,4,-0.7945,3.89632,-2.35619,-1.95013
-1,4,-0.793396,3.89904,-2.35619,-1.96312
-1,4,-0.792724,3.90063,-2.35619,-1.97956
-1,4,-0.792339,3.90149,-2.35619,-2.00445
-1,4,-0.790103,3.90581,-2.35619,-2.03807
-1,4,-0.786968,3.91229,-2.35619,-2.01123
-1,4,-0.783571,3.91961,-2.35619,-2.01178
-1,4,-0.78434,3.91826,-2.35619,-2.09987
-1,4,-0.786722,3.91456,-2.35619,-2.18701
-1,4,-0.792194,3.90761,-2.35619,-2.28515
-1,4,-0.797864,3.90151,-2.35619,-2.35245
-1,4,-0.804419,3.89528,-2.35619,-2.40951
-1,4,-0.809724,3.89068,-2.35619,-2.44645
-1,4,-0.815235,3.88624,-2.35619,-2.47977
-1,4,-0.824629,3.87926,-2.35619,-2.52507
-1,4,-0.832087,3.87413,-2.35619,-2.55458
-1,4,-0.839341,3.86943,-2.35619,-2.57956
-1,4,-0.844575,3.8662,-2.35619,-2.59553
-1,4,-0.851275,3.86221,-2.35619,-2.61424
-1,4,-0.857566,3.85861,-2.35619,-2.62993
-1,4,-0.86348,3.85534,-2.35619,-2.64338
-1,4,-0.86898,3.85238,-2.35619,-2.65467
-1,4,-0.87281,3.85037,-2.35619,-2.66175
-1,4,-0.877583,3.84791,-2.35619,-2.6697
-1,4,-0.882971,3.84519,-2.35619,-2.67702
-1,4,-0.886812,3.84327,-2.35619,-2.68072
-1,4,-0.889434,3.84197,-2.35619,-2.6822
-1,4,-0.891861,3.84077,-2.35619,-2.68265
-1,4,-0.895403,3.83902,-2.35619,-2.68056
-1,4,-0.898309,3.83757,-2.35619,-2.67447
-1,4,-0.899752,3.83683,-2.35619,-2.66856
-1,4,-0.901656,3.83585,-2.35619,-2.65411
-1,4,-0.902656,3.83531,-2.35619,-2.63764
-1,4,-0.90309,3.83507,-2.35619,-2.62181
-1,4,-0.90321,3.83501,-2.35619,-2.59471
-1,4,-0.902789,3.83528,-2.35619,-2.56075
-1,4,-0.901722,3.83602,-2.35619,-2.51992
-1,4,-0.900039,3.8373,-2.35619,-2.47347
-1,4,-0.897249,3.83967,-2.35619,-2.41078
-2,3,-0.900698,3.83656,-2.35619,-2.42616
-2,3,-0.915115,3.82481,-2.35619,-2.48693
-2,3,-0.938689,3.80792,-2.35619,-2.54967
-2,3,-0.985487,3.77933,-2.35619,-2.63294
-2,3,-1.06863,3.73847,-2.35619,-2.72423
-2,3,-1.14558,3.70481,-2.35619,-2.7223
-2,3,-1.22986,3.6644,-2.35619,-2.65874
-2,3,-1.32007,3.61097,-2.35619,-2.55156
-2,3,-1.4068,3.5472,-2.35619,-2.47128
-2,3,-1.46412,3.50002,-2.35619,-2.43665
-2,3,-1.51506,3.45565,-2.35619,-2.41461
-2,3,-1.5611,3.41406,-2.35619,-2.39969
-2,3,-1.6152,3.36373,-2.35619,-2.38592
-2,3,-1.66174,3.31957,-2.35619,-2.37921
-2,3,-1.70243,3.28054,-2.35619,-2.37503
-2,3,-1.73836,3.24583,-2.35619,-2.37225
-2,3,-1.76241,3.2225,-2.35619,-2.37082
-2,3,-1.77725,3.20808,-2.35619,-2.37008
-2,3,-1.79763,3.18824,-2.35619,-2.36927
-2,3,-1.81089,3.17532,-2.35619,-2.36876
-2,3,-1.83355,3.15321,-2.35619,-2.36793
-2,3,-1.8537,3.13352,-2.35619,-2.36747
-3,2,-1.87449,3.11319,-1.5708,-2.3673
-3,2,-1.90799,3.08041,-1.5708,-2.36708
-3,2,-1.95471,3.03469,-1.5708,-2.36686
-3,2,-1.99729,2.99281,-1.5708,-2.357
-3,2,-2.04245,2.94594,-1.5708,-2.31272
-3,2,-2.08863,2.89178,-1.5708,-2.23877
-3,2,-2.1346,2.82785,-1.5708,-2.14575
-3,2,-2.18886,2.73386,-1.5708,-2.05564
-3,2,-2.23711,2.63644,-1.5708,-2.01219
-3,2,-2.28184,2.53909,-1.5708,-1.99191
-3,2,-2.31185,2.47157,-1.5708,-1.98608
-3,2,-2.33832,2.41134,-1.5708,-1.98602
-3,2,-2.37055,2.33897,-1.5708,-1.994
-3,2,-2.38522,2.30659,-1.5708,-1.99892
-3,2,-2.41287,2.24686,-1.5708,-2.00987
-3,2,-2.43776,2.19464,-1.5708,-2.02197
-3,2,-2.45486,2.15978,-1.5708,-2.03197
-3,2,-2.47119,2.12734,-1.5708,-2.04212
-3,2,-2.49122,2.08864,-1.5708,-2.05542
-3,2,-2.50942,2.05458,-1.5708,-2.06786
-3,2,-2.52195,2.03174,-1.5708,-2.07781
-3,2,-2.53371,2.01081,-1.5708,-2.08763
-3,2,-2.54476,1.99159,-1.5708,-2.0974
-3,2,-2.55988,1.96598,-1.5708,-2.1099
-3,2,-2.57346,1.94353,-1.5708,-2.12176
-3,2,-2.58475,1.92543,-1.5708,-2.13513
-3,2,-2.59522,1.90912,-1.5708,-2.14795
-3,2,-2.6073,1.89086,-1.5708,-2.16343
-3,2,-2.6141,1.88086,-1.5708,-2.17249
-3,2,-2.62043,1.87172,-1.5708,-2.18104
-3,2,-2.62839,1.86047,-1.5708,-2.19212
-3,2,-2.63583,1.85019,-1.5708,-2.20285
-3,2,-2.64104,1.84312,-1.5708,-2.2106
-3,2,-2.64908,1.83246,-1.5708,-2.22255
-3,2,-2.65501,1.82475,-1.5708,-2.23154
-3,2,-2.66054,1.8177,-1.5708,-2.23998
-3,2,-2.66448,1.81275,-1.5708,-2.24607
-3,2,-2.66822,1.8081,-1.5708,-2.25173
-3,2,-2.674,1.80103,-1.5708,-2.26015
-3,2,-2.67824,1.79592,-1.5708,-2.26582
-3,2,-2.68116,1.79242,-1.5708,-2.26926
-3,2,-2.6848,1.78811,-1.5708,-2.27277
-3,2,-2.68808,1.78424,-1.5708,-2.27466
-3,2,-2.69103,1.78076,-1.5708,-2.27428
-3,2,-2.6936,1.77772,-1.5708,-2.27076
-3,2,-2.69471,1.7764,-1.5708,-2.26756
-3,2,-2.6962,1.77461,-1.5708,-2.25957
-3,2,-2.6978,1.77264,-1.5708,-2.23215
-3,2,-2.7063,1.76151,-1.5708,-2.22598
-3,2,-2.71157,1.75451,-1.5708,-2.18531
-3,2,-2.71231,1.75353,-1.5708,-2.067
-3,2,-2.70856,1.76242,-1.5708,-1.9064
-3,2,-2.70632,1.76979,-1.5708,-1.83202
-3,2,-2.70349,1.78317,-1.5708,-1.73252
-3,2,-2.70117,1.80935,-1.5708,-1.59688
-3,2,-2.70157,1.83202,-1.5708,-1.51308
-3,2,-2.70307,1.84885,-1.5708,-1.4578
-3,2,-2.70627,1.87127,-1.5708,-1.40334
-3,2,-2.71035,1.89253,-1.5708,-1.36008
-3,2,-2.71377,1.90749,-1.5708,-1.33377
-3,2,-2.71861,1.92627,-1.5708,-1.30348
-3,2,-2.72107,1.93499,-1.5708,-1.29075
-3,2,-2.72605,1.95157,-1.5708,-1.26748
-3,2,-2.73089,1.96652,-1.5708,-1.24836
-3,2,-2.73556,1.9801,-1.5708,-1.23188
-3,2,-2.74,1.99241,-1.5708,-1.21742
-3,2,-2.74417,2.00349,-1.5708,-1.20482
-3,2,-2.7481,2.01358,-1.5708,-1.19342
-3,2,-2.75179,2.02276,-1.5708,-1.18309
-3,2,-2.75354,2.02701,-1.5708,-1.17831
-3,2,-2.75681,2.0348,-1.5708,-1.16973
-3,2,-2.75983,2.04184,-1.5708,-1.16214
-3,2,-2.76261,2.04821,-1.5708,-1.15551
-3,2,-2.76517,2.05396,-1.5708,-1.14995
-3,2,-2.76694,2.0579,-1.5708,-1.14653
-3,2,-2.76963,2.06383,-1.5708,-1.14242
-3,2,-2.77111,2.06705,-1.5708,-1.1411
-3,2,-2.77243,2.06993,-1.5708,-1.14096
-3,2,-2.77439,2.07422,-1.5708,-1.1431
-3,2,-2.77601,2.0778,-1.5708,-1.14939
-3,2,-2.77679,2.07956,-1.5708,-1.15659
-3,2,-2.77759,2.08142,-1.5708,-1.17058
-3,2,-2.77809,2.08263,-1.5708,-1.19123
-3,2,-2.77827,2.08309,-1.5708,-1.22209
-3,2,-2.77822,2.08299,-1.5708,-1.24267
-3,2,-2.778,2.08229,-1.5708,-1.28145
-3,2,-2.77759,2.08081,-1.5708,-1.33003
-3,2,-2.77693,2.07759,-1.5708,-1.40662
-3,2,-2.77627,2.07236,-1.5708,-1.48364
-3,2,-2.77597,2.06742,-1.5708,-1.53717
-3,2,-2.77603,2.0578,-1.5708,-1.61492
-3,2,-2.77643,2.0515,-1.5708,-1.65472
-3,2,-2.77684,2.04718,-1.5708,-1.67862
-3,2,-2.77797,2.03845,-1.5708,-1.72167
-3,2,-2.77946,2.02973,-1.5708,-1.75777
-3,2,-2.7812,2.02125,-1.5708,-1.78758
-3,2,-2.78262,2.01507,-1.5708,-1.80743
-3,2,-2.78462,2.00716,-1.5708,-1.83054
-3,2,-2.78666,1.99977,-1.5708,-1.84944
-3,2,-2.78869,1.99287,-1.5708,-1.86544
-3,2,-2.78969,1.98962,-1.5708,-1.87243
-3,2,-2.79118,1.98492,-1.5708,-1.88211
-3,2,-2.79307,1.97915,-1.5708,-1.89287
-3,2,-2.7953,1.97258,-1.5708,-1.90371
-3,2,-2.79655,1.96897,-1.5708,-1.90885
-3,2,-2.79735,1.96672,-1.5708,-1.91159
-3,2,-2.79811,1.96459,-1.5708,-1.9138
-3,2,-2.79954,1.9606,-1.5708,-1.91705
-3,2,-2.80053,1.95786,-1.5708,-1.91824
-3,2,-2.80143,1.95538,-1.5708,-1.91816
-3,2,-2.80224,1.95313,-1.5708,-1.91674
-3,2,-2.80318,1.95051,-1.5708,-1.91226
-3,2,-2.80377,1.94884,-1.5708,-1.90701
-3,2,-2.80443,1.94695,-1.5708,-1.89668
-3,2,-2.80487,1.94559,-1.5708,-1.88151
-3,2,-2.80508,1.94493,-1.5708,-1.86664
-3,2,-2.80519,1.94457,-1.5708,-1.84013
-3,2,-2.80518,1.94465,-1.5708,-1.8242
-3,2,-2.80506,1.94513,-1.5708,-1.79501
-3,2,-2.80486,1.94611,-1.5708,-1.76043
-3,2,-2.80452,1.94823,-1.5708,-1.70846
-3,2,-2.80426,1.95056,-1.5708,-1.66563
-3,2,-2.80405,1.95346,-1.5708,-1.62372
-3,2,-2.80394,1.95805,-1.5708,-1.57004
-3,2,-2.80403,1.962,-1.5708,-1.53324
-3,2,-2.80426,1.96621,-1.5708,-1.49944
-3,2,-2.80465,1.9706,-1.5708,-1.46846
-3,2,-2.80519,1.97516,-1.5708,-1.44157
-3,2,-2.80585,1.97974,-1.5708,-1.41725
-3,2,-2.80688,1.98582,-1.5708,-1.38879
-3,2,-2.80775,1.99029,-1.5708,-1.37044
-3,2,-2.80899,1.99605,-1.5708,-1.34952
-3,2,-2.81028,2.00155,-1.5708,-1.33166
-3,2,-2.81127,2.0055,-1.5708,-1.32004
-3,2,-2.81257,2.01044,-1.5708,-1.3071
-3,2,-2.81323,2.01284,-1.5708,-1.30119
-3,2,-2.81417,2.01619,-1.5708,-1.294
-3,2,-2.81508,2.01935,-1.5708,-1.28811
-3,2,-2.81623,2.02328,-1.5708,-1.28188
-3,2,-2.81703,2.02594,-1.5708,-1.27884
-3,2,-2.81801,2.02918,-1.5708,-1.27668
-3,2,-2.81868,2.03139,-1.5708,-1.27666
-3,2,-2.81928,2.03338,-1.5708,-1.27785
-3,2,-2.81999,2.03574,-1.5708,-1.28154
-3,2,-2.82057,2.03774,-1.5708,-1.28812
-3,2,-2.82082,2.0386,-1.5708,-1.29301
-3,2,-2.82112,2.03968,-1.5708,-1.30163
-3,2,-2.82128,2.04025,-1.5708,-1.30819
-3,2,-2.8215,2.04113,-1.5708,-1.32613
-3,2,-2.82158,2.04143,-1.5708,-1.34245
-3,2,-2.82155,2.04134,-1.5708,-1.37026
-3,2,-2.82142,2.04065,-1.5708,-1.40279
-3,2,-2.82122,2.03932,-1.5708,-1.44111
-3,2,-2.82105,2.03785,-1.5708,-1.47254
-3,1,-2.82085,2.0353,-0.321751,-1.5159
-3,1,-2.8216,2.04533,-0.321751,-1.46718
-3,1,-2.82115,2.04273,-0.321751,-1.39889
-3,1,-2.81675,2.02206,-0.321751,-1.33132
-3,1,-2.80939,1.99506,-0.321751,-1.28068
-3,1,-2.79229,1.94437,-0.321751,-1.21317
-3,1,-2.76475,1.87786,-0.321751,-1.14566
-3,1,-2.73722,1.82088,-0.321751,-1.09751
-3,1,-2.71907,1.78647,-0.321751,-1.07401
-3,1,-2.68508,1.72578,-0.321751,-1.05009
-3,1,-2.65584,1.67496,-0.321751,-1.04888
-3,1,-2.6306,1.63064,-0.321751,-1.05884
-3,1,-2.61403,1.60087,-0.321751,-1.06841
-3,1,-2.59434,1.56437,-0.321751,-1.08393
-3,1,-2.57596,1.52894,-0.321751,-1.09991
-3,1,-2.56032,1.4977,-0.321751,-1.11548
-3,1,-2.55344,1.48348,-0.321751,-1.12453
-3,1,-2.54344,1.46221,-0.321751,-1.1378
-3,1,-2.53191,1.43672,-0.321751,-1.15479
-3,1,-2.52411,1.41877,-0.321751,-1.16737
-3,1,-2.51469,1.3962,-0.321751,-1.18368
-3,1,-2.50837,1.38045,-0.321751,-1.19513
-3,1,-2.5025,1.3653,-0.321751,-1.20676
-3,1,-2.49543,1.34632,-0.321751,-1.22184
-3,1,-2.49221,1.33737,-0.321751,-1.229
-3,1,-2.48765,1.32434,-0.321751,-1.23968
-3,1,-2.48347,1.312,-0.321751,-1.24998
-3,1,-2.47962,1.30023,-0.321751,-1.26004
-3,1,-2.47496,1.28539,-0.321751,-1.27273
-3,1,-2.46979,1.2681,-0.321751,-1.288
-3,1,-2.46524,1.25202,-0.321751,-1.3027
-3,1,-2.46279,1.24297,-0.321751,-1.31103
-3,1,-2.4605,1.23422,-0.321751,-1.31931
-3,1,-2.45772,1.22314,-0.321751,-1.32981
-3,1,-2.45521,1.21272,-0.321751,-1.33979
-3,1,-2.45242,1.20053,-0.321751,-1.3515
-3,1,-2.45041,1.19133,-0.321751,-1.36042
-3,1,-2.44859,1.18263,-0.321751,-1.36882
-3,1,-2.44655,1.17243,-0.321751,-1.37854
-3,1,-2.4458,1.16852,-0.321751,-1.38221
-3,1,-2.4444,1.16108,-0.321751,-1.38901
-3,1,-2.44314,1.1541,-0.321751,-1.395
-3,1,-2.44172,1.14597,-0.321751,-1.40137
-3,1,-2.44071,1.13998,-0.321751,-1.40527
-3,1,-2.43979,1.13446,-0.321751,-1.4078
-3,1,-2.43877,1.12823,-0.321751,-1.40815
-3,1,-2.43823,1.12494,-0.321751,-1.40585
-3,1,-2.43776,1.12214,-0.321751,-1.39897
-3,1,-2.43726,1.11941,-0.321751,-1.37972
-3,1,-2.43386,1.10203,-0.321751,-1.37461
-3,1,-2.43014,1.0854,-0.321751,-1.29288
-3,1,-2.42939,1.08296,-0.321751,-1.20009
-3,1,-2.4333,1.09073,-0.321751,-1.04767
-3,1,-2.4463,1.10886,-0.321751,-0.861256
-3,1,-2.45768,1.12076,-0.321751,-0.756843
-3,1,-2.47942,1.13818,-0.321751,-0.601515
-3,1,-2.52714,1.16379,-0.321751,-0.407413
-3,1,-2.56982,1.17947,-0.321751,-0.304438
-3,1,-2.61194,1.19098,-0.321751,-0.23281
-3,1,-2.65221,1.19931,-0.321751,-0.178249
-3,1,-2.68979,1.20529,-0.321751,-0.137564
-3,1,-2.72416,1.2095,-0.321751,-0.106847
-3,1,-2.74859,1.21186,-0.321751,-0.0863564
-3,1,-2.77735,1.21405,-0.321751,-0.066114
-3,1,-2.8026,1.21552,-0.321751,-0.0500965
-3,1,-2.83168,1.21671,-0.321751,-0.0320468
-3,1,-2.85136,1.21721,-0.321751,-0.0196865
-3,1,-2.86902,1.21746,-0.321751,-0.00878683
-3,1,-2.88096,1.21752,-0.321751,-0.00128098
-3,1,-2.8954,1.21747,-0.321751,0.00812312
-3,1,-2.90833,1.21731,-0.321751,0.0168165
-3,1,-2.92286,1.21699,-0.321751,0.0271166
-3,1,-2.93295,1.21668,-0.321751,0.0345567
-3,1,-2.94201,1.21633,-0.321751,0.0414711
-3,1,-2.9502,1.21597,-0.321751,0.0478724
-3,1,-2.954,1.21578,-0.321751,0.0508563
-3,1,-2.95925,1.2155,-0.321751,0.0548762
-3,1,-2.96423,1.21522,-0.321751,0.0586018
-3,1,-2.9701,1.21486,-0.321751,0.0624653
-3,1,-2.97534,1.21452,-0.321751,0.0652437
-3,1,-2.98012,1.21421,-0.321751,0.0667157
-3,1,-2.9833,1.21399,-0.321751,0.0665912
-3,1,-2.98706,1.21375,-0.321751,0.0648601
-3,1,-2.98955,1.21359,-0.321751,0.0620345
-3,1,-2.99172,1.21346,-0.321751,0.0572044
-3,1,-2.99425,1.21333,-0.321751,0.0482419
-3,1,-2.99654,1.21323,-0.321751,0.0307294
-3,1,-2.99747,1.21321,-0.321751,0.0159083
-3,1,-2.9981,1.21321,-0.321751,-0.010902
-3,1,-2.99799,1.21321,-0.321751,-0.046278
-3,1,-2.99646,1.2131,-0.321751,-0.108935
-3,1,-2.99465,1.21287,-0.321751,-0.154492
-3,1,-2.99216,1.21242,-0.321751,-0.20362
-3,1,-2.98769,1.21135,-0.321751,-0.267105
-3,1,-2.98243,1.20974,-0.321751,-0.326689
-3,1,-2.97642,1.20753,-0.321751,-0.378169
-3,1,-2.97171,1.20557,-0.321751,-0.412216
-3,1,-2.96533,1.20262,-0.321751,-0.452283
-3,1,-2.95898,1.19941,-0.321751,-0.486014
-3,1,-2.95432,1.19688,-0.321751,-0.508247
-3,1,-2.94981,1.19431,-0.321751,-0.527661
-3,1,-2.94403,1.19086,-0.321751,-0.550283
-3,1,-2.93991,1.18829,-0.321751,-0.565
-3,1,-2.93344,1.18409,-0.321751,-0.586096
-3,1,-2.9287,1.1809,-0.321751,-0.599514
-3,1,-2.92435,1.1779,-0.321751,-0.610446
-3,1,-2.92036,1.17508,-0.321751,-0.619188
-3,1,-2.91757,1.17308,-0.321751,-0.624495
-3,1,-2.91498,1.1712,-0.321751,-0.628666
-3,1,-2.91182,1.1689,-0.321751,-0.632287
-3,1,-2.90901,1.16684,-0.321751,-0.633842
-3,1,-2.9065,1.16499,-0.321751,-0.633143
-3,1,-2.90432,1.1634,-0.321751,-0.62975
-3,1,-2.90245,1.16204,-0.321751,-0.623608
-3,1,-2.9013,1.16122,-0.321751,-0.616916
-3,1,-2.90006,1.16034,-0.321751,-0.604604
-3,1,-2.89937,1.15987,-0.321751,-0.592456
-3,1,-2.89895,1.15959,-0.321751,-0.577545
-3,1,-2.89874,1.15945,-0.321751,-0.552239
-3,1,-2.89933,1.15979,-0.321751,-0.511722
-3,1,-2.90016,1.16023,-0.321751,-0.482514
-3,1,-2.90187,1.16107,-0.321751,-0.438906
-3,1,-2.90357,1.16183,-0.321751,-0.403286
0,0,-2.90574,1.1627,-0.321751,-0.367582
0,0,-2.91379,1.16576,-0.321751,-0.356611
0,0,-2.90938,1.16417,-0.321751,-0.342677
0,0,-2.89459,1.15899,-0.321751,-0.332085
0,0,-2.86991,1.15063,-0.321751,-0.321471
0,0,-2.80656,1.13019,-0.321751,-0.303784
0,0,-2.73573,1.10856,-0.321751,-0.289634
0,0,-2.64738,1.08289,-0.321751,-0.279101
0,0,-2.57435,1.06111,-0.321751,-0.305977
0,0,-2.49767,1.03474,-0.321751,-0.353064
0,0,-2.42133,1.00584,-0.321751,-0.368784
0,0,-2.34527,0.976253,-0.321751,-0.371801
0,0,-2.21857,0.926821,-0.321751,-0.372086
0,0,-2.11722,0.887261,-0.321751,-0.372136
0,0,-2.04121,0.85759,-0.321751,-0.372136
0,0,-1.96519,0.82792,-0.321751,-0.372134
0,0,-1.86384,0.788359,-0.321751,-0.372132
0,0,-1.73715,0.738908,-0.321751,-0.372132
0,0,-1.66113,0.709238,-0.321751,-0.372132
0,0,-1.55978,0.669677,-0.321751,-0.372132
0,0,-1.45843,0.630117,-0.321751,-0.372132
0,0,-1.33174,0.580666,-0.321751,-0.372131
0,0,-1.25572,0.550996,-0.321751,-0.372131
0,0,-1.20505,0.531216,-0.321751,-0.372131
0,0,-1.10369,0.491655,-0.321751,-0.372131
0,0,-1.00234,0.452095,-0.321751,-0.37213
0,0,-0.900987,0.412534,-0.321751,-0.37213
0,0,-0.799634,0.372974,-0.321751,-0.37213
0,0,-0.7245,0.343631,-0.321751,-0.373818
0,0,-0.655727,0.316626,-0.321751,-0.374081
0,0,-0.591267,0.291327,-0.321751,-0.374062
0,0,-0.533926,0.268801,-0.321751,-0.374653
0,0,-0.450291,0.235847,-0.321751,-0.376136
0,0,-0.392854,0.213122,-0.321751,-0.377506
0,0,-0.35477,0.197994,-0.321751,-0.378765
0,0,-0.320215,0.184216,-0.321751,-0.380069
0,0,-0.278737,0.167605,-0.321751,-0.381826
0,0,-0.242341,0.152954,-0.321751,-0.383587
0,0,-0.225988,0.146346,-0.321751,-0.384493
0,0,-0.203123,0.137075,-0.321751,-0.385919
0,0,-0.180098,0.127703,-0.321751,-0.387169
0,0,-0.149383,0.115136,-0.321751,-0.389564
0,0,-0.130605,0.107407,-0.321751,-0.391556
0,0,-0.12681,0.105839,-0.321751,-0.393037
0,0,-0.126812,0.10584,-0.321751,-0.393057
0,0,-0.126811,0.105839,-0.321751,-0.393055
0,0,-0.126812,0.10584,-0.321751,-0.393054
0,0,-0.126812,0.105839,-0.321751,-0.393053
0,0,-0.126812,0.10584,-0.321751,-0.393052
0,0,-0.126812,0.10584,-0.321751,-0.393051
0,0,-0.126812,0.105839,-0.321751,-0.393051
0,0,-0.126812,0.10584,-0.321751,-0.39305
